{
  "race": "Black",
  "race_probs": {
    "White": 0.0004859363252762705,
    "Black": 0.7115722894668579,
    "Latino_Hispanic": 0.07874369621276855,
    "East Asian": 0.0018957119900733232,
    "Southeast Asian": 0.08723671734333038,
    "Indian": 0.11942020803689957,
    "Middle Eastern": 0.0006455161492340267
  },
  "gender": "Male",
  "gender_prob": 0.9987269639968872,
  "age": "3-9",
  "age_prob": 0.7912092804908752
}