{
  "race": "Black",
  "race_probs": {
    "White": 0.037449996918439865,
    "Black": 0.6577543616294861,
    "Hispanic": 0.12031415104866028,
    "East Asian": 0.012504157610237598,
    "Southeast Asian": 0.11534947156906128,
    "Indian": 0.04108762741088867,
    "Middle Eastern": 0.01554030179977417
  },
  "gender": "Male",
  "gender_prob": 0.999482274055481,
  "age": "30-39",
  "age_prob": 0.6020337343215942
}