{
  "race": "Indian",
  "race_probs": {
    "White": 0.0012583553325384855,
    "Black": 0.002745609963312745,
    "Latino_Hispanic": 0.04849735274910927,
    "East Asian": 0.000975064467638731,
    "Southeast Asian": 0.018118230625987053,
    "Indian": 0.9271435737609863,
    "Middle Eastern": 0.0012618245091289282
  },
  "gender": "Male",
  "gender_prob": 0.9991819262504578,
  "age": "40-49",
  "age_prob": 0.4870535731315613
}